process_condition,mean,min,max
direct_choice,114.7,102,132
direct_choice_long,572.2,559,590
alternatives,178.36666666666667,161,204
reasons_concise,223.86666666666667,207,249
reasons,356.8666666666667,339,383
reflection_feedback,516.3666666666667,497,544
